"Publish","Category","Slug","Title","Meta Title","Meta Description","Hero Title","Hero Subtitle","Feature 1 Image","Feature 1 ALT","Feature 1 Title","Feature 1 Description","Feature 2 Image","Feature 2 ALT","Feature 2 Title","Feature 2 Description","Feature 3 Image","Feature 3 ALT","Feature 3 Title","Feature 3 Description","Feature 4 Image","Feature 4 ALT","Feature 4 Title","Feature 4 Description","Feature 5 Image","Feature 5 ALT","Feature 5 Title","Feature 5 Description","Our Process Subtitle","Our Process Title","Our Process Description","CTA 1 Icon","CTA 1 Title","CTA 1 Description","CTA 2 Icon","CTA 2 Title","CTA 2 Description","CTA 3 Icon","CTA 3 Title","CTA 3 Description","Foot Note"
"Y","Commercial Kitchen","/industries/commercial-kitchens/custom-fabrication
","⁠Custom Fabrication","⁠Custom Fabrication UAE | Steelcraft","Steelcraft manufactures bespoke Grade 304 and 316 stainless steel kitchen equipment for UAE commercial kitchens — countertops, hoods, shelving, sinks, trolleys, and custom fabrications built to your approved drawing","Built to Your Exact Specification, in Grade 304 Stainless Steel.","Customized Stainless Steel Equipment for UAE Commercial Kitchens","Beverage_card.webp","Beverage_card.webp","Precision Fabrication, Every Time","No two commercial kitchens are identical — and your equipment shouldn't be either. Steelcraft designs and manufactures bespoke stainless steel fixtures built to match your exact floor plan, workflow, and operational requirements. Every piece begins with a detailed drawing, reviewed and approved by the client before a single cut is made. Our in-house fabrication team works exclusively with Grade 304 stainless steel as standard, with Grade 316 available where higher corrosion resistance is required — such as coastal properties or high-salt food environments. The result is equipment that fits perfectly, functions reliably, and looks exactly as designed.","Baking_card.webp","Baking_card.webp","A Full Range of Custom Fabrications
","Steelcraft manufactures the complete range of fixed and mobile stainless steel elements a commercial kitchen needs. This includes custom countertops and prep tables, integrated sink-and-worktop units, wall-mounted and freestanding shelving, storage cabinets, under-counter units, mobile trolleys, and exhaust canopy hoods. We also produce front-of-house display units, pastry cases, and bespoke service counters for hotels and fine dining establishments. Every product is finished to a consistent, hygienic surface standard — fully welded joints, no exposed fasteners, and smooth-radius internal corners that comply with food safety and HACCP requirements. Form and function are treated as equally important.","cooking_card.webp","cooking_card.webp","Drawing to Delivery — A Seamless Process","Our fabrication process begins well before any steel is cut. The Steelcraft team conducts an on-site survey of your kitchen space, takes precise measurements, and produces full AutoCAD drawings of all proposed custom elements. These are shared with the client and any appointed interior design or MEP consultants for coordination and sign-off. Once approved, manufacturing takes place in our UAE production facility under close quality control. Completed items are delivered, positioned, and installed by our team, with a final snagging walkthrough to ensure everything meets specification. Lead times and delivery milestones are agreed upfront and tracked throughout the project.","cooking_card.webp","cooking_card.webp","Drawing to Delivery — A Seamless Process","Our fabrication process begins well before any steel is cut. The Steelcraft team conducts an on-site survey of your kitchen space, takes precise measurements, and produces full AutoCAD drawings of all proposed custom elements. These are shared with the client and any appointed interior design or MEP consultants for coordination and sign-off. Once approved, manufacturing takes place in our UAE production facility under close quality control. Completed items are delivered, positioned, and installed by our team, with a final snagging walkthrough to ensure everything meets specification. Lead times and delivery milestones are agreed upfront and tracked throughout the project.","cooking_card.webp","cooking_card.webp","Drawing to Delivery — A Seamless Process","Our fabrication process begins well before any steel is cut. The Steelcraft team conducts an on-site survey of your kitchen space, takes precise measurements, and produces full AutoCAD drawings of all proposed custom elements. These are shared with the client and any appointed interior design or MEP consultants for coordination and sign-off. Once approved, manufacturing takes place in our UAE production facility under close quality control. Completed items are delivered, positioned, and installed by our team, with a final snagging walkthrough to ensure everything meets specification. Lead times and delivery milestones are agreed upfront and tracked throughout the project.","OUR PROCESS & QUALITY STANDARDS","Quality Standards That Do Not Compromise","All Steelcraft custom fabrications are manufactured from Grade 304 stainless steel (1.2mm–2mm gauge depending on application) as standard, with Grade 316 available on specification. Welding is carried out by certified fabricators using MIG and TIG techniques, with all exposed welds ground and polished to a consistent finish. Internal corners on food-contact surfaces are radiused to eliminate bacterial traps — meeting HACCP and UAE food authority compliance requirements. Each finished piece is inspected against the approved drawing before despatch, and installation is followed by a formal sign-off checklist. Steelcraft retains drawing records for all custom work, enabling like-for-like replacement or expansion at any future date.","","16 Years of UAE Fabrication","Over a decade and a half building custom kitchens for hotels, restaurants, and food facilities across the UAE and the wider GCC.","","Drawing Approved Before Fabrication","No assumptions. Every project starts with a client-approved AutoCAD drawing — so what you see is precisely what gets built.","","Grade 304 & 316 Available","We specify the correct steel grade for your environment — standard 304 for most kitchens, marine-grade 316 where higher corrosion resistance is needed.","Ready to design your custom kitchen? Contact Steelcraft →  steelcraftuae.com/getintouch"
"Y","Commercial Kitchen","/industries/commercial-kitchens/display-equipment","Display Equipment","Display Equipment UAE | Steelcraft","Steelcraft supplies commercial food preparation equipment for UAE restaurants, hotels, and catering facilities — vegetable cutters, slicers, food processors, bowl cutters, and planetary mixers, specified to your menu and production volume.","Faster Prep. Less Labour. Better Consistency.","Commercial Food Preparation Equipment for UAE Restaurants, Hotels & Catering Facilities","Beverage_card.webp","Beverage_card.webp","Equipment for Every Prep Task","Efficient food preparation is the foundation of a well-run commercial kitchen — and the right equipment makes the difference between a kitchen that flows and one that bottlenecks. Steelcraft supplies a comprehensive range of food preparation equipment suited to every task: vegetable cutters, slicers, and choppers for high-volume produce prep; buffalo choppers and bowl cutters for meat and forcemeat applications; food processors for puréeing, grinding, and blending; and planetary mixers for dough, batter, and mixing tasks. We match equipment specification to your menu profile, production volume, and kitchen footprint — ensuring you invest in the right machine, not simply the largest one available.","Baking_card.webp","Baking_card.webp","Brands Sourced from Leading Manufacturers","Steelcraft sources preparation equipment from established manufacturers across Europe and beyond, including brands with proven track records in high-demand commercial kitchen environments. We evaluate each brand on performance longevity, ease of cleaning, availability of spare parts in the UAE, and compatibility with local voltage and frequency standards. Our approach is deliberately brand-agnostic — we recommend the machine that best suits your application, not the one with the highest margin. Whether you need a compact slicer for a boutique café or a heavy-duty continuous-feed vegetable processor for a central production kitchen serving hundreds of covers, we have an appropriate solution.","cooking_card.webp","cooking_card.webp","Specification, Supply & Commissioning","Steelcraft's involvement does not end at the point of sale. Once preparation equipment has been specified and sourced, our team handles import coordination, delivery scheduling, and positioning within your kitchen layout. All electrical and water connections are coordinated with your MEP contractor, and our technicians commission each piece of equipment on-site to confirm correct operation before handover. Staff familiarisation sessions are available for complex equipment, ensuring your team can operate and clean each machine correctly from day one. Ongoing technical support and access to genuine spare parts are provided through Steelcraft's aftersales service — keeping your prep line running without unplanned downtime.","","","","","","","","","OUR PROCESS & QUALITY STANDARDS
","How We Select the Right Preparation Equipment for Your Kitchen","Every preparation equipment recommendation begins with an understanding of your menu, your daily covers, and your kitchen team. Steelcraft's specification process considers throughput requirements (kilograms per hour for processors, litres per batch for mixers), available counter and floor space, cleaning and sanitation requirements, and total cost of ownership including consumables and servicing. We provide comparison options at different price points, clearly explaining the operational trade-offs of each. For larger kitchens or central production facilities, we produce an equipment schedule as part of the wider kitchen design package, showing every item, its position, and its utility connections. Our goal is a prep line that works hard, cleans easily, and requires minimal intervention.","","Menu-Matched Specification","We start with your menu and production volumes, not a catalogue. Every recommendation is matched to what your kitchen actually needs to produce.","","Brand-Agnostic Sourcing","Steelcraft works with multiple manufacturers across Europe and Asia — giving you genuinely impartial advice and competitive pricing without brand lock-in.","","Commissioning Included","Every piece of preparation equipment is commissioned on-site by our team before handover — so it's set up correctly, tested, and your staff know how to use it.","Discuss your prep equipment needs with Steelcraft → steelcraftuae.com/getintouch"
"Y","Commercial Kitchen","/industries/commercial-kitchens/front-of-house","Front Of House (FOH)","Front Of House (FOH) UAE | Steelcraft","Steelcraft supplies commercial refrigeration equipment for UAE kitchens — upright chillers, blast chillers, shock freezers, walk-in cold rooms, and display refrigeration, specified for UAE ambient temperatures.","Cold Storage That Keeps Up With Your Kitchen — Every Hour of Every Day.","Commercial Refrigeration Equipment for UAE Restaurants, Hotels & Food Facilities","Beverage_card.webp","Beverage_card.webp","A Complete Refrigeration Range","Steelcraft supplies the full spectrum of commercial refrigeration — from standalone upright chillers and undercounter units to reach-in freezers, blast chillers, shock freezers, and custom-built walk-in cold rooms. For front-of-house display, we provide pastry display refrigerators, fish and seafood display counters, meat display cases, and beverage display fridges that combine temperature precision with visual appeal. Ice equipment covers cube makers, flake ice machines, and nugget ice makers — matched to the volume requirements of bars, medical facilities, fishmongers, and hotel room service operations. Every unit is specified for UAE ambient temperatures, ensuring reliable performance in kitchens and back-of-house areas where ambient conditions regularly exceed 30°C.","Baking_card.webp","Baking_card.webp","Blast Chillers & Shock Freezers","For kitchens operating cook-chill or cook-freeze systems — including hotel banqueting operations, central production kitchens, and high-volume catering facilities — blast chillers and shock freezers are essential food safety tools, not optional extras. A blast chiller brings cooked food from +70°C to +3°C in under 90 minutes, arresting bacterial growth and extending safe shelf life. A shock freezer reaches -18°C at the food's core within the time frames required by food safety regulation. Steelcraft specifies blast chilling and shock freezing equipment based on your batch sizes and production cycles, and advises on the critical integration of this equipment into your HACCP food safety management system. Staff training on correct operating procedures is included.","cooking_card.webp","cooking_card.webp","Display Refrigeration & Custom Cold Rooms","Front-of-house display refrigeration demands a balance between consistent internal temperature and attractive visual presentation. Steelcraft sources curved-glass and flat-glass display counters suited to pastry shops, hotel lobbies, buffet-format restaurants, and fishmongers. Custom walk-in cold rooms and freezer rooms are designed and built to your exact internal dimensions and temperature requirements — including specialist rooms for wine, cheese, and fresh fish. All cold room builds include insulated panel supply, door and door-hardware installation, refrigeration plant specification, and commissioning by a certified refrigeration engineer. Monitoring systems with remote temperature alerting are available as an add-on, helping operators meet food authority audit requirements.","cooking_card.webp","cooking_card.webp","Display Refrigeration & Custom Cold Rooms","Front-of-house display refrigeration demands a balance between consistent internal temperature and attractive visual presentation. Steelcraft sources curved-glass and flat-glass display counters suited to pastry shops, hotel lobbies, buffet-format restaurants, and fishmongers. Custom walk-in cold rooms and freezer rooms are designed and built to your exact internal dimensions and temperature requirements — including specialist rooms for wine, cheese, and fresh fish. All cold room builds include insulated panel supply, door and door-hardware installation, refrigeration plant specification, and commissioning by a certified refrigeration engineer. Monitoring systems with remote temperature alerting are available as an add-on, helping operators meet food authority audit requirements.","","","","","OUR PROCESS & QUALITY STANDARDS","Specifying Commercial Refrigeration for UAE Conditions","Refrigeration equipment in the UAE faces a challenge that European-rated equipment is not always designed for: sustained high ambient temperatures in back-of-house areas, with external temperatures regularly reaching 45°C in summer. Steelcraft specifies equipment with tropical ratings (SN-T or T-class) where required, and advises on condenser placement and ventilation to prevent premature compressor failure — a common and costly problem when equipment is installed in poorly ventilated plant rooms. We provide a full refrigeration schedule as part of the kitchen design package, showing each unit, its internal temperature band, its utility connections, and its daily energy consumption. This enables MEP engineers to size electrical supply correctly and operators to benchmark their running costs.","","Tropical-Rated Equipment","We specify refrigeration equipment rated for UAE ambient temperatures — preventing the premature failures that occur when standard European-rated units operate in Gulf conditions.","","Full Range, One Partner","From undercounter chillers to blast freezers and walk-in cold rooms — Steelcraft covers every refrigeration need in your kitchen from a single point of contact.","","HACCP-Aligned Cold Chain Advice","Our team advises not just on equipment but on the cold chain workflow — ensuring your refrigeration setup meets UAE food authority requirements and supports your HACCP documentation.","Get a refrigeration specification for your kitchen →  steelcraftuae.com/getintouch"
"Y","Commercial Kitchen","/industries/commercial-kitchens/hot-kitchen","Hot Kitchen","Hot Kitchen UAE | Steelcraft","Steelcraft supplies commercial dishwashers and glasswashers for UAE restaurants, hotels, and catering operations — undercounter, hood-type, rack conveyor, and pot wash systems from Meiko, Hobart, Comenda, Electrolux, and DIHR","Clean Ware, On Time, Every Service — Without the Bottleneck.","Commercial Dishwashers & Glasswashers for UAE Restaurants, Hotels & Catering Operations","Beverage_card.webp","Beverage_card.webp","The Right Dishwasher for Your Operation","Choosing the wrong dishwasher is one of the most operationally damaging decisions a commercial kitchen can make. Too small, and dirty ware queues during peak service. Too large, and water, chemical, and energy costs spiral unnecessarily. Steelcraft's dishwashing equipment range covers every scale of operation: undercounter glasswashers for bars and cafés; pass-through hood-type machines for mid-sized restaurants and hotels; and fully automatic rack conveyor systems for high-volume hotel banqueting operations, institutional catering, and central production kitchens. We specify by basket capacity, cycle time, and peak throughput requirement — not by price point — to ensure the machine you receive is the machine your kitchen actually needs.","Baking_card.webp","Baking_card.webp","Brands You Can Rely On","Steelcraft supplies commercial warewashing equipment from manufacturers with established service networks and genuine spare parts availability in the UAE — including Meiko, Hobart, Comenda, Electrolux, and DIHR. Each brand brings specific strengths: Meiko is known for energy and water recovery technology; Hobart for durability in the most demanding institutional environments; Comenda for compact high-output machines suited to Italian-style fast-service restaurants; DIHR for robust value in mid-market applications. We help clients understand these distinctions and select accordingly. All machines are supplied with dosing pump connections for detergent and rinse aid, and our team coordinates chemical supply partnerships with established warewashing chemical providers where required.","cooking_card.webp","cooking_card.webp","Pot Washers, Tray Washers & Flight Systems","Beyond crockery and glassware, Steelcraft supplies specialist warewashing solutions for pots, pans, and gastronorm containers — including standalone pot washing sinks with spray arms and pressurised jet systems, purpose-built pot washing machines for high-volume back-of-house operations, and flight-type conveyor systems for canteen-scale tray washing. For hotel operations with large banqueting programmes, we design complete dishwash areas as part of the kitchen planning process, incorporating pre-rinse spray arms, sorting tables, soiled ware trolleys, and clean ware storage racking in a logical, hygienic flow that minimises handling and cross-contamination risk. Space-planning drawings are provided for all dishwash area designs.","","","","","","","","","OUR PROCESS & QUALITY STANDARDS","Calculating the Right Dishwasher Capacity for Your Kitchen","Steelcraft uses a structured capacity calculation to specify warewashing equipment correctly. The process begins with peak cover count, menu type (the ratio of crockery, glassware, and cookware per cover), and the available service window between seatings. We calculate pieces per hour, translate this into baskets per hour, and select a machine whose rated capacity provides a comfortable working margin above peak demand — typically 20–30% headroom to allow for re-washing and variation. Hood-type machines are generally specified for operations processing between 40 and 100 covers per sitting; conveyor systems for larger volumes. We also review the physical dishwash area: soiled inlet, clean outlet, table heights, drainage falls, electrical supply, and ventilation — producing a complete dishwash area layout before equipment is ordered.","","Capacity-Matched to Your Covers","Every dishwasher is specified against your actual peak cover count and menu profile — eliminating the guesswork that leads to under-powered machines and service bottlenecks.","","Trusted Brands, UAE Service Networks","We supply Meiko, Hobart, Comenda, Electrolux, and DIHR — manufacturers with established spare parts availability and service coverage across the UAE.","","Complete Dishwash Area Design","Steelcraft doesn't just supply the machine — we design the entire dishwash area including tables, spray arms, racking, drainage, and ventilation for a hygienic, efficient workflow.","Talk to Steelcraft about your dishwashing setup →  steelcraftuae.com/getintouch"
"Y","Commercial Kitchen","/industries/commercial-kitchens/cold-preparation-equipment","Cold Preparation Equipment","Cold Preparation Equipment UAE | Steelcraft","Steelcraft supplies commercial baking equipment for UAE restaurants, hotels, and café-bakeries — deck ovens, rotary ovens, spiral mixers, proofers, and specialist pastry equipment, specified to your production model.","The Right Baking Equipment Makes Every Batch Consistent.","Commercial Baking Equipment for Restaurants, Hotels & Café-Bakeries in the UAE","Beverage_card.webp","Beverage_card.webp","Ovens That Deliver, Service After Service","The oven is the centrepiece of any bakery operation, and choosing the wrong type — or the wrong capacity — creates problems that persist for the life of the kitchen. Steelcraft supplies deck ovens, convection ovens, combi-ovens, rotary rack ovens, and pizza-specific ovens sourced from European and international manufacturers. Deck ovens deliver the thermal mass and steam-injection capability required for artisan bread, sourdough, and viennoiserie. Convection ovens suit high-throughput pastry and patisserie production. Rotary rack ovens maximise output per square metre for bakeries producing high daily volumes. We specify oven type and capacity based on your product mix, daily volume, available floor space, and energy infrastructure — gas or electric.","Baking_card.webp","Baking_card.webp","Mixers and Proofers — the Foundation of Great Dough","No baking operation produces consistent results without reliable mixing and proofing. Steelcraft supplies spiral mixers, fork mixers, and planetary mixers for dough — matched to batch size, dough type, and hydration level. Spiral mixers are the standard choice for bread and pizza dough, delivering efficient gluten development with minimal heat transfer. Fork mixers suit highly hydrated and artisan doughs requiring gentle handling. Planetary mixers cover versatile applications from dough to cream and batter. Proofing cabinets and retarder-proofers allow operators to control fermentation precisely — enabling overnight retarding workflows that improve flavour, reduce morning labour, and increase production flexibility. All equipment is available in a range of bowl capacities to match batch requirements.","cooking_card.webp","cooking_card.webp","Pastry, Patisserie & Specialist Baking Tools","For café-bakeries, patisseries, and hotel pastry kitchens, Steelcraft supplies the specialist equipment that separates professional output from domestic results: dough sheeters and laminators for croissant and puff pastry; depositors and enrobers for filled and coated products; chocolate tempering machines; blast chillers sized for individual pastry batches; and bain maries and warming equipment for finished product holding. We also supply trolleys, racks, baking trays, and perforated baking sheets in standard and custom sizes — matching your oven rack dimensions precisely. Our pastry kitchen layouts account for the specific workflow of patisserie production, with dedicated chilled marble or stainless steel working surfaces and appropriate ventilation for heated processes.","","","","","","","","","OUR PROCESS & QUALITY STANDARDS","Matching Baking Equipment to Your Production Model","Baking equipment specification at Steelcraft begins with a production model review: what products will you bake, in what quantities, over what daily production window, and with how many members of staff? From this we calculate oven deck area or rack capacity required, mixer bowl volume needed per batch, and proofing space required to support continuous production. We then map this against your available kitchen footprint and energy infrastructure. Where gas is unavailable or restricted, we specify electric alternatives and advise on supply capacity requirements. All baking equipment is sourced from manufacturers with UAE-compatible voltage and frequency ratings, and our commissioning team sets all programmable parameters — temperatures, steam injection, proofing humidity — before handover to your team.","","Production-Volume Specification","Every oven, mixer, and proofer is sized to your actual daily production requirements — not a generic recommendation that leaves you over- or under-equipped.","","European Quality, UAE-Compatible","We source baking equipment from established European manufacturers and verify UAE-compatible voltage, frequency, and gas connection standards before supply.","","Parameters Set Before Handover","Steelcraft's commissioning team pre-programs all oven temperatures, proofing humidity levels, and cycle settings — so your baking team starts producing on day one.","Specify your bakery equipment with Steelcraft →  steelcraftuae.com/getintouch"
"Y","Commercial Kitchen","/industries/commercial-kitchens/shelving-storage-solutions","Shelving & Storage Solutions","Shelving & Storage Solutions UAE | Steelcraft","Steelcraft supplies and fabricates specialty kitchen equipment for UAE commercial kitchens — precision cooking technology, custom wok and tandoor stations, water mist hoods, pastry display units, and bespoke live-cook fabrications","When Your Menu Demands More Than Standard Equipment Can Deliver.","Specialty Kitchen Equipment & Custom Solutions for UAE Commercial Kitchens","Beverage_card.webp","Beverage_card.webp","Precision Cooking for Modern Menus","Contemporary menus — from high-end hotel restaurants to fast-casual concepts and cloud kitchen brands — increasingly rely on precision cooking techniques that standard cooking equipment cannot replicate. Steelcraft supplies sous vide circulators and immersion equipment for consistent temperature-controlled cooking; combi-steamers with programmable multi-stage cooking cycles; induction cooking suites offering precise temperature control with no open flame; high-speed impingement ovens for rapid finishing; and cook-and-hold ovens for banqueting operations that require food to be held at serving temperature without deterioration. This equipment is not a luxury upgrade — for operations where portion consistency and food cost control are business-critical, it is an essential operational investment.","Baking_card.webp","Baking_card.webp","Custom Fabrications & Specialty Stations","Some requirements cannot be met from a catalogue. Steelcraft specialises in fabricating custom cooking stations for specific cuisine types — Indian burner stations with robust cast-iron grate supports and high-output open burners; Chinese wok burner ranges with ring burners, wok supports, and integrated water and gas supply; tandoor and porotta griddle stations; and live cooking stations for hotel buffets and open-kitchen restaurants. Water mist hood systems — which combine extraction with fire suppression — are fabricated and installed for cooking stations where traditional suppression systems are impractical. Smoker units, custom pass windows, and bespoke food display structures for buffet and live-cook environments are also within our fabrication capability.","cooking_card.webp","cooking_card.webp","Pastry Display & Front-of-House Fabrication","The junction between the kitchen and the guest experience requires equipment that performs functionally and presents beautifully. Steelcraft designs and manufactures custom pastry display units, dessert counters, and front-of-house live-cook stations that combine refrigerated or heated display functionality with a bespoke aesthetic matched to the restaurant's interior design language. Working from architectural drawings and interior design specifications, we produce stainless steel structures with glass panels, integrated lighting, and custom countertop finishes. These pieces are fabricated in our UAE production facility and installed by our team, with full coordination with the interior contractor to ensure the finished result meets both the design brief and the food safety standards required.","","","","","","","","","OUR PROCESS & QUALITY STANDARDS","From Brief to Bespoke — How Steelcraft Handles Specialty Requirements","Specialty equipment and custom fabrication projects begin with a detailed brief. Steelcraft's team meets with the chef, the interior designer, and the project manager to understand the operational requirement, the aesthetic parameters, and the physical constraints. We produce concept drawings, agree on materials and finishes, and present a cost and timeline before any fabrication commitment is made. For imported specialty equipment — precision cooking units, custom wok ranges, and high-speed ovens — we manage the full procurement process including factory inspection where applicable, shipping, customs clearance, and delivery to site. Every specialty installation is followed by a structured commissioning process and, where required, a chef training session to ensure the equipment is used to its full capability from the first day of service.","","Cuisine-Specific Fabrication","From Indian burner stations to Chinese wok ranges to tandoor pits — Steelcraft fabricates cooking stations engineered for the precise demands of specific cuisine types.","","Design-Brief Compatible","Our front-of-house fabrication team works directly from interior design drawings — producing custom display and live-cook stations that match your restaurant's aesthetic exactly.","","Chef Briefing on Every Install","Complex specialty equipment is always accompanied by an operational briefing for the kitchen team — so your chefs know exactly how to get the best from every piece.","Bring your specialty kitchen requirements to Steelcraft → steelcraftuae.com/getintouch"
"Y","Commercial Kitchen","/industries/commercial-kitchens/residential-villa","Residential Villa","Residential Villa UAE | Steelcraft","Commercial Cooking Equipment UAE | Steelcraft","The Complete Cooking Line — Built for the Heat of UAE Commercial Kitchens.","Commercial Cooking Equipment Supply & Installation for UAE Restaurants, Hotels & Catering Operations","Beverage_card.webp","Beverage_card.webp","Ranges, Griddles, Fryers & Grills","The hot line is the operational core of any commercial kitchen, and every element must perform reliably under continuous load. Steelcraft supplies the complete range of commercial cooking equipment: heavy-duty cooking ranges with open burners, solid tops, and oven bases; flat-top and ribbed griddles for high-volume breakfast and grill service; countertop and freestanding deep fryers for fast-food and casual dining operations; chargrill and contact grills for branded grill restaurants and hotel pool bars; and solid fuel and charcoal grills for authentic live-fire cooking. All equipment is available in gas and electric configurations, and we advise on the optimal fuel type for each application based on your energy supply, menu, and operational preference.","Baking_card.webp","Baking_card.webp","Ovens, Combi-Steamers & Specialised Cooking","Beyond the open range, commercial kitchens depend on a range of oven and closed-cooking technologies to achieve consistency at volume. Steelcraft supplies convection ovens, combi-steamers, deck ovens, and pizza ovens as standalone units or as part of integrated cooking suite specifications. Combi-steamers — which combine convected heat with controlled steam injection — are among the most versatile pieces of equipment in any professional kitchen, and Steelcraft works with several leading manufacturers to provide options across a wide capacity and price range. Tilt bratt pans and steam-jacketed kettles are supplied for institutional and catering operations requiring large-batch cooking of soups, sauces, stews, and grains. All ovens are specified for UAE gas pressure and electrical standards.","cooking_card.webp","cooking_card.webp","Custom Cooking Suites & Cooking Line Design","In many hotel and high-volume restaurant kitchens, the cooking line is not simply a collection of individual appliances — it is a continuous, integrated suite designed to support a specific service workflow. Steelcraft designs and builds custom cooking suites in which individual cooking sections — ranges, griddles, fryers, bain maries, and salamanders — are installed within a continuous stainless steel frame with a shared overshelf, integrated gantry, and coordinated extraction hood above. This produces a unified, hygienic, and operationally logical cooking station that is easier to clean, easier to supervise, and more robust than individually mounted freestanding equipment. Suite drawings are produced in advance, co-ordinated with the exhaust and suppression system, and approved before fabrication.","","","","","","","","","OUR PROCESS & QUALITY STANDARDS","How Steelcraft Specifies and Installs Commercial Cooking Lines","Cooking equipment specification at Steelcraft is driven by the menu, the service style, and the volume of covers to be produced. We review the complete menu before recommending a cooking line, identifying the primary cooking methods required, the peak simultaneous demand across different cooking sections, and the layout that best supports the kitchen team's workflow. Equipment is positioned to support a logical progression from raw preparation through cooking to plating, with clear separation between raw and cooked food zones in compliance with HACCP principles. Where LPG or natural gas is the primary fuel, we co-ordinate with the MEP contractor on gas manifold sizing, regulators, and flexible hose connections. All cooking equipment is commissioned by our technicians and demonstrated to the head chef before handover.","","Full Cooking Line Supply","Steelcraft supplies every element of the commercial cooking line — ranges, ovens, fryers, grills, griddles, and bespoke suites — from a single point of contact.","","Menu-Driven Specification","We review your menu in detail before recommending a single item of cooking equipment — ensuring the line you receive is designed around how you actually cook.","","Coordinated MEP Integration","Gas manifold sizing, electrical supply coordination, and extraction hood integration are all managed by Steelcraft — giving you a fully connected cooking line, not just delivered equipment.","Design your commercial cooking line with Steelcraft → steelcraftuae.com/getintouch"
"Y","Commercial Kitchen","/industries/commercial-kitchens/outdoor-bbq","⁠Outdoor BBQ","⁠Outdoor BBQ UAE | Steelcraft","Steelcraft designs and supplies bar and beverage equipment for UAE hotels, restaurants, and licensed venues — bespoke bar fabrication, espresso machines, juice equipment, draft beer systems, ice machines, and glasswashers.","Every Drink, Served Perfectly — From Design to the Last Pour.","Bar & Beverage Equipment for UAE Hotels, Restaurants & Licensed Venues","Beverage_card.webp","Beverage_card.webp","Custom Cocktail Stations & Bar Fabrication","A well-designed bar station is as much an operational tool as it is a guest-facing feature. Steelcraft designs and manufactures bespoke bar stations in Grade 304 stainless steel — configured to the specific workflow of your bar team, your menu, and your venue's interior design brief. Each station incorporates ice wells, bottle storage, speed rails, glasswasher positioning, draft beer tower locations, under-bar refrigeration recesses, and service counter dimensions — all laid out in a detailed drawing before fabrication begins. Front-of-house bar cladding, countertop materials, and aesthetic finishes are coordinated with the interior designer to ensure the fabricated structure and the designed finish are fully compatible. We build bars that work as hard as they look.","Baking_card.webp","Baking_card.webp","Coffee, Juice & Hot Beverage Equipment","From hotel all-day dining outlets and specialty coffee shops to resort pool bars and quick-service restaurants, Steelcraft sources the full range of hot and cold beverage equipment. This includes professional espresso machines and grinders from leading European manufacturers; commercial blenders and smoothie stations for health-focused concepts; juice extractors — both centrifugal and cold-press — for breakfast operations and juice bars; hot water boilers and tea dispensing systems for high-volume breakfast and lounge service; and bag-in-box and post-mix dispensing systems for casual dining and fast-food outlets. We advise on equipment matching — pairing grinder specification to espresso machine output, for example — to ensure consistency and minimise waste.","cooking_card.webp","cooking_card.webp","Draft Beer, Ice & Specialist Beverage Systems","Steelcraft supplies the supporting infrastructure that keeps a bar operating efficiently: commercial ice machines sized to the bar's peak consumption (cube, nugget, and flake options); glass frosters; undercounter and back-bar bottle refrigeration; draft beer cooling and dispensing systems including font design, line cooling, and CO₂ management; wine dispensing and preservation systems for restaurants operating by the glass; and bar glasswashers specified to the bar's peak throughput. For hotel properties with multiple food and beverage outlets, we provide a consolidated beverage equipment schedule covering all outlets — ensuring consistency of specification, simplified procurement, and coordinated aftersales support across the entire property from a single supplier.","","","","","","","","","OUR PROCESS & QUALITY STANDARDS","Designing a Bar That Works at Volume","Bar design at Steelcraft begins with the drink menu and the service model — whether you are running a high-speed cocktail bar, a hotel lobby lounge, a pool bar, or a fine dining wine and spirits programme. We calculate the number of service points required at peak, the ice consumption per hour, the refrigeration load for chilled spirits and garnishes, and the throughput of the glasswasher relative to your glassware inventory. All of this feeds into a bar station drawing that is reviewed with the bar manager and the interior designer before fabrication. Steelcraft also coordinates the positioning of beverage equipment within the overall kitchen layout — ensuring back-bar refrigeration, glasswashers, and ice machines are positioned for efficient service and easy maintenance access.","","Bespoke Bar Fabrication","Every Steelcraft bar station is built from a custom drawing, coordinated with your interior designer, and fabricated to match your service workflow precisely — not adapted from a standard template.","","Equipment Matching for Coffee & Beverage","We match grinders to machines, blenders to menu specs, and ice output to peak demand — because individual equipment quality only delivers results when the components work together.","","Single Supplier, Multiple Outlets","For hotel and resort properties, Steelcraft provides a single consolidated equipment schedule for all F&B outlets — simplifying procurement, warranty management, and aftersales support.","Design your bar and beverage setup with Steelcraft →  steelcraftuae.com/getintouch"